size,name
1083931,node0
1084036,node1
1084982,node10
1085088,node11
1085194,node12
1085300,node13
1085406,node14
1085512,node15
1085618,node16
1085724,node17
1085830,node18
1085936,node19
1084141,node2
1086042,node20
1086148,node21
1086254,node22
1086360,node23
1086466,node24
1086572,node25
1086678,node26
1086784,node27
1086890,node28
1086996,node29
1084246,node3
1087102,node30
1087208,node31
1087314,node32
1087420,node33
1087526,node34
1087632,node35
1087738,node36
1087844,node37
1087950,node38
1088056,node39
1084351,node4
1088162,node40
1088268,node41
1088374,node42
1088480,node43
1088586,node44
1088692,node45
1088798,node46
1088904,node47
1089010,node48
1089116,node49
1084456,node5
1089222,node50
1089328,node51
1089434,node52
1089540,node53
1089646,node54
1089752,node55
1089858,node56
1089964,node57
1090070,node58
1090176,node59
1084561,node6
1090282,node60
1090388,node61
1090494,node62
1090600,node63
1090706,node64
1090812,node65
1090918,node66
1091024,node67
1091130,node68
1091236,node69
1084666,node7
1091342,node70
1091448,node71
1091554,node72
1091660,node73
1091766,node74
1091872,node75
1091978,node76
1092084,node77
1092190,node78
1092296,node79
1084771,node8
1092402,node80
1092508,node81
1092614,node82
1092720,node83
1092826,node84
1092932,node85
1093038,node86
1093144,node87
1093250,node88
1093356,node89
1084876,node9
1093462,node90
1093568,node91
1093674,node92
1093780,node93
1093886,node94
1093992,node95
1094098,node96
1094204,node97
1094310,node98
1094416,node99
